{"Nivel":7,"Vidas":4,"inventario":["Arco","Pala"],"colorBando":{"r":0.7830188870429993,"g":0.033241353929042819,"b":0.5876489877700806,"a":0.0},"prefab":{"instanceID":14238}}