{"cameraMode":{"drawMode":0,"name":"Shaded","section":"Shading Mode"},"sceneLighting":false,"audioPlay":false,"sceneViewState":{"showFog":false,"showMaterialUpdate":false,"showSkybox":false,"showFlares":false,"showImageEffects":false,"showParticleSystems":false},"in2DMode":false,"pivot":{"x":-0.25413715839385989,"y":0.7884158492088318,"z":2.4804110527038576},"rotation":{"x":-0.0042368220165371899,"y":0.709643542766571,"z":-0.004247413948178291,"w":-0.7045739889144898},"size":4.437604904174805,"orthographic":false}