{"cameraMode":{"drawMode":0,"name":"Shaded","section":"Shading Mode"},"sceneLighting":false,"audioPlay":false,"sceneViewState":{"showFog":false,"showMaterialUpdate":false,"showSkybox":false,"showFlares":false,"showImageEffects":false,"showParticleSystems":false},"in2DMode":false,"pivot":{"x":1.6764745712280274,"y":-1.7543621063232422,"z":-3.8650283813476564},"rotation":{"x":-0.010557061992585659,"y":0.9284830093383789,"z":-0.37030932307243349,"w":-0.02646869421005249},"size":18.844491958618165,"orthographic":false}