{"cameraMode":{"drawMode":0,"name":"Shaded","section":"Shading Mode"},"sceneLighting":true,"audioPlay":false,"sceneViewState":{"showFog":false,"showMaterialUpdate":false,"showSkybox":false,"showFlares":false,"showImageEffects":false,"showParticleSystems":false},"in2DMode":false,"pivot":{"x":-5.588006973266602,"y":2.5027503967285158,"z":6.908884048461914},"rotation":{"x":-0.25399258732795718,"y":-0.005225647706538439,"z":0.0013722197618335486,"w":-0.9671919345855713},"size":29.869274139404298,"orthographic":false}