{"cameraMode":{"drawMode":0,"name":"Shaded","section":"Shading Mode"},"sceneLighting":false,"audioPlay":false,"sceneViewState":{"showFog":false,"showMaterialUpdate":false,"showSkybox":false,"showFlares":false,"showImageEffects":false,"showParticleSystems":false},"in2DMode":false,"pivot":{"x":1.1920928955078126e-7,"y":0.5385574102401733,"z":0.0005936026573181152},"rotation":{"x":0.0030491806101053955,"y":-0.9954115748405457,"z":0.08982890844345093,"w":0.033762309700250629},"size":2.8575022220611574,"orthographic":false}