{"cameraMode":{"drawMode":0,"name":"Shaded","section":"Shading Mode"},"sceneLighting":false,"audioPlay":false,"sceneViewState":{"showFog":false,"showMaterialUpdate":false,"showSkybox":false,"showFlares":false,"showImageEffects":false,"showParticleSystems":false},"in2DMode":false,"pivot":{"x":-0.25413715839385989,"y":0.7884158492088318,"z":2.4804110527038576},"rotation":{"x":-0.0003820108831860125,"y":0.9995678067207336,"z":-0.0269938837736845,"w":-0.013808032497763634},"size":4.437604904174805,"orthographic":false}