{"cameraMode":{"drawMode":0,"name":"Shaded","section":"Shading Mode"},"sceneLighting":false,"audioPlay":false,"sceneViewState":{"showFog":false,"showMaterialUpdate":false,"showSkybox":false,"showFlares":false,"showImageEffects":false,"showParticleSystems":false},"in2DMode":false,"pivot":{"x":-0.4109956920146942,"y":0.7512780427932739,"z":2.5799999237060549},"rotation":{"x":0.047776415944099429,"y":-0.7044467926025391,"z":0.04761118069291115,"w":0.7065737843513489},"size":4.952690601348877,"orthographic":false}