{"cameraMode":{"drawMode":0,"name":"Shaded","section":"Shading Mode"},"sceneLighting":true,"audioPlay":false,"sceneViewState":{"showFog":false,"showMaterialUpdate":false,"showSkybox":false,"showFlares":false,"showImageEffects":false,"showParticleSystems":false},"in2DMode":false,"pivot":{"x":0.25233030319213869,"y":0.0806959867477417,"z":0.9309289455413818},"rotation":{"x":-0.10199529677629471,"y":0.8605070114135742,"z":-0.19016964733600617,"w":-0.46154528856277468},"size":39.74845504760742,"orthographic":false}