{"cameraMode":{"drawMode":0,"name":"Shaded","section":"Shading Mode"},"sceneLighting":false,"audioPlay":false,"sceneViewState":{"showFog":false,"showMaterialUpdate":false,"showSkybox":false,"showFlares":false,"showImageEffects":false,"showParticleSystems":false},"in2DMode":false,"pivot":{"x":-0.4109956920146942,"y":0.7512780427932739,"z":2.5799999237060549},"rotation":{"x":-0.00046434078831225634,"y":-0.9993822574615479,"z":0.03299017623066902,"w":-0.014086210168898106},"size":2.626230478286743,"orthographic":false}