{"cameraMode":{"drawMode":0,"name":"Shaded","section":"Shading Mode"},"sceneLighting":false,"audioPlay":false,"sceneViewState":{"showFog":false,"showMaterialUpdate":false,"showSkybox":false,"showFlares":false,"showImageEffects":false,"showParticleSystems":false},"in2DMode":false,"pivot":{"x":1.1920928955078126e-7,"y":0.5385574102401733,"z":0.0005936026573181152},"rotation":{"x":0.0005946997553110123,"y":-0.9976063966751099,"z":0.0689433217048645,"w":0.008385314606130124},"size":3.6345651149749758,"orthographic":false}