{"cameraMode":{"drawMode":0,"name":"Shaded","section":"Shading Mode"},"sceneLighting":false,"audioPlay":false,"sceneViewState":{"showFog":false,"showMaterialUpdate":false,"showSkybox":false,"showFlares":false,"showImageEffects":false,"showParticleSystems":false},"in2DMode":false,"pivot":{"x":-0.5260281562805176,"y":0.7587089538574219,"z":2.687802314758301},"rotation":{"x":-0.06594975292682648,"y":0.009277219884097577,"z":-0.0006062529864721,"w":-0.9977971911430359},"size":8.197635650634766,"orthographic":false}